<?xml version="1.0" encoding="UTF-8"?>
<project-private xmlns="http://www.netbeans.org/ns/project-private/1">
    <editor-bookmarks xmlns="http://www.netbeans.org/ns/editor-bookmarks/2" lastBookmarkId="0"/>
    <open-files xmlns="http://www.netbeans.org/ns/projectui-open-files/2">
        <group>
            <file>file:/C:/jos/Accounting/src/PnlPL.java</file>
            <file>file:/C:/jos/Accounting/src/PnlOther.java</file>
            <file>file:/C:/jos/Accounting/src/Sales.java</file>
            <file>file:/C:/jos/Accounting/src/FrmAddChart.java</file>
            <file>file:/C:/jos/Accounting/src/AMain.java</file>
            <file>file:/C:/jos/Accounting/src/FrmCustome.java</file>
            <file>file:/C:/jos/Accounting/src/BRegister.java</file>
            <file>file:/C:/jos/Accounting/src/PnlPurchasee.java</file>
            <file>file:/C:/jos/Accounting/src/PnlTB.java</file>
            <file>file:/C:/jos/Accounting/src/PnlInventory.java</file>
            <file>file:/C:/jos/Accounting/src/ALogin.java</file>
        </group>
    </open-files>
</project-private>
